{
  "project_info": {
    "project_number": "1042811363052",
    "firebase_url": "https://startmusicapp-default-rtdb.firebaseio.com",
    "project_id": "startmusicapp",
    "storage_bucket": "startmusicapp.appspot.com"
  },
  "client": [
    {
      "client_info": {
        "mobilesdk_app_id": "1:1042811363052:android:dc59a57598810e7bf20fc9",
        "android_client_info": {
          "package_name": "com.example.starmusicapp"
        }
      },
      "oauth_client": [
        {
          "client_id": "1042811363052-lm9vpd5u9n6umn0dtaloo170ro9ft34l.apps.googleusercontent.com",
          "client_type": 3
        }
      ],
      "api_key": [
        {
          "current_key": "AIzaSyB79fhtHVhSTIs1MLZcIoSz1IyJpcWUvK0"
        }
      ],
      "services": {
        "appinvite_service": {
          "other_platform_oauth_client": [
            {
              "client_id": "1042811363052-lm9vpd5u9n6umn0dtaloo170ro9ft34l.apps.googleusercontent.com",
              "client_type": 3
            }
          ]
        }
      }
    },
    {
      "client_info": {
        "mobilesdk_app_id": "1:1042811363052:android:0d340bcaabc4a1d7f20fc9",
        "android_client_info": {
          "package_name": "com.example.upload20"
        }
      },
      "oauth_client": [
        {
          "client_id": "1042811363052-lm9vpd5u9n6umn0dtaloo170ro9ft34l.apps.googleusercontent.com",
          "client_type": 3
        }
      ],
      "api_key": [
        {
          "current_key": "AIzaSyB79fhtHVhSTIs1MLZcIoSz1IyJpcWUvK0"
        }
      ],
      "services": {
        "appinvite_service": {
          "other_platform_oauth_client": [
            {
              "client_id": "1042811363052-lm9vpd5u9n6umn0dtaloo170ro9ft34l.apps.googleusercontent.com",
              "client_type": 3
            }
          ]
        }
      }
    }
  ],
  "configuration_version": "1"
}